{"graph": {"_type": "graph-file", "path": "media/graph/graph_summary_2c9e14b44d5e40f4ab11.graph.json", "sha256": "2c9e14b44d5e40f4ab11ce0f6898298ee4dd49aa5130455a6d8ed9efaf8077cc", "size": 990}, "wins": 1, "draws": 1, "placed-items": 9, "_timestamp": 1667506743, "_runtime": 449, "_step": 11777, "loss": 0.6061720252037048, "mae": 2.3379318714141846, "mean_q": 2.5113365650177, "episode_reward": 0.99, "nb_episode_steps": 9, "nb_steps": 29994, "epoch": 3925, "_wandb": {"runtime": 446}}