{"nb_episode_steps": 5, "loss": 0.4440256953239441, "draws": 0, "_runtime": 183, "nb_steps": 4639, "_step": 4599, "placed-items": 5, "episode_reward": 5.0, "mae": 2.7755017280578613, "wins": 1, "graph": {"_type": "graph-file", "path": "media/graph/graph_summary_2c9e14b44d5e40f4ab11.graph.json", "sha256": "2c9e14b44d5e40f4ab11ce0f6898298ee4dd49aa5130455a6d8ed9efaf8077cc", "size": 990}, "_timestamp": 1667513827, "epoch": 600, "mean_q": 2.317531108856201}