{"graph": {"_type": "graph-file", "path": "media/graph/graph_summary_2c9e14b44d5e40f4ab11.graph.json", "sha256": "2c9e14b44d5e40f4ab11ce0f6898298ee4dd49aa5130455a6d8ed9efaf8077cc", "size": 990}, "wins": 0, "draws": 1, "placed-items": 9, "_timestamp": 1667513605, "_runtime": 56, "_step": 1470, "loss": 0.969696581363678, "mae": 2.0913119316101074, "mean_q": 1.3463574647903442, "episode_reward": 3.0, "nb_episode_steps": 7, "nb_steps": 3936, "epoch": 489}