{"epoch": 339, "wins": 1, "draws": 0, "mean_q": 1.8641806840896606, "nb_steps": 2712, "_step": 3002, "graph": {"_type": "graph-file", "path": "media/graph/graph_summary_2c9e14b44d5e40f4ab11.graph.json", "sha256": "2c9e14b44d5e40f4ab11ce0f6898298ee4dd49aa5130455a6d8ed9efaf8077cc", "size": 990}, "episode_reward": -3.0, "nb_episode_steps": 8, "_runtime": 120, "_timestamp": 1667513751, "placed-items": 8, "mae": 2.6364779472351074, "loss": 0.5193272829055786}