{"graph": {"_type": "graph-file", "path": "media/graph/graph_summary_2c9e14b44d5e40f4ab11.graph.json", "sha256": "2c9e14b44d5e40f4ab11ce0f6898298ee4dd49aa5130455a6d8ed9efaf8077cc", "size": 990}, "wins": 0, "draws": 1, "placed-items": 9, "_timestamp": 1667507033, "_runtime": 11, "_step": 33, "loss": 3.4507761001586914, "mae": 0.3399215340614319, "mean_q": 0.14747747778892517, "episode_reward": -15.01, "nb_episode_steps": 9, "nb_steps": 98, "epoch": 10, "_wandb": {"runtime": 7}}