{"graph": {"_type": "graph-file", "path": "media/graph/graph_summary_2c9e14b44d5e40f4ab11.graph.json", "sha256": "2c9e14b44d5e40f4ab11ce0f6898298ee4dd49aa5130455a6d8ed9efaf8077cc", "size": 990}, "wins": 1, "draws": 0, "placed-items": 5, "_timestamp": 1667511488, "_runtime": 4390, "_step": 96225, "loss": 0.07739275693893433, "mae": 2.7667529582977295, "mean_q": 3.725024700164795, "episode_reward": 3.0, "nb_episode_steps": 7, "nb_steps": 230311, "epoch": 32074, "_wandb": {"runtime": 4387}}