{"graph": {"_type": "graph-file", "path": "media/graph/graph_summary_2c9e14b44d5e40f4ab11.graph.json", "sha256": "2c9e14b44d5e40f4ab11ce0f6898298ee4dd49aa5130455a6d8ed9efaf8077cc", "size": 990}, "wins": 1, "draws": 0, "placed-items": 7, "_timestamp": 1667508745, "_runtime": 1647, "_step": 43529, "loss": 0.08869729936122894, "mae": 2.685877561569214, "mean_q": 3.448425769805908, "episode_reward": 3.0, "nb_episode_steps": 7, "nb_steps": 107344, "epoch": 14509}