{"draws": 0, "graph": {"_type": "graph-file", "path": "media/graph/graph_summary_2c9e14b44d5e40f4ab11.graph.json", "sha256": "2c9e14b44d5e40f4ab11ce0f6898298ee4dd49aa5130455a6d8ed9efaf8077cc", "size": 990}, "_runtime": 228, "_timestamp": 1667513930, "placed-items": 6, "episode_reward": 4.0, "mae": 2.735288381576538, "mean_q": 3.809643030166626, "wins": 1, "nb_steps": 3214, "nb_episode_steps": 6, "loss": 0.057774681597948074, "_step": 5824, "epoch": 462}